{"_timestamp":1.730307622258631e+09,"_runtime":44.226557,"_step":1,"Validation Accuracy":12.47,"_wandb":{"runtime":44},"Training Loss":4.353902741354339,"epoch":0}