{"_timestamp":1.7307056716095128e+09,"_step":99,"epoch":99,"Training Accuracy":65.586,"_runtime":1364.9938121,"Training Loss":2.144098207397461,"Validation Loss":1.0346478707313538,"Validation Accuracy":74.01,"_wandb":{"runtime":1367}}