{"epoch":21,"_runtime":254.773042,"Training Accuracy":2.664,"Validation Loss":4.443777549743652,"Validation Accuracy":2.86,"_timestamp":1.7306810251364841e+09,"_step":21,"_wandb":{"runtime":257},"Training Loss":4.44785408706665}