{"_timestamp":1.730670992682949e+09,"_runtime":133.1294135,"_step":47,"Validation Accuracy":40.08,"_wandb":{"runtime":135},"Training Loss":3.157191983899292,"epoch":23}