{"Training Loss":3.12782259741608,"epoch":0,"Validation Accuracy":39.22,"_wandb":{"runtime":12},"_timestamp":1.7306489855370936e+09,"_runtime":12.6898341,"_step":1}