{"_step":31,"Validation Loss":2.0619968479156494,"_wandb":{"runtime":291},"Validation Accuracy":45.39,"Training Loss":1.9662922254943849,"epoch":31,"_runtime":289.0498141,"Training Accuracy":46.982,"_timestamp":1.7306837579202461e+09}