{"Training Accuracy":3,"_wandb":{"runtime":290},"Validation Accuracy":3.36,"_step":27,"Validation Loss":4.4547492721557616,"epoch":27,"Training Loss":4.427126142272949,"_timestamp":1.7306815807949665e+09,"_runtime":288.111271}