{"_wandb":{"runtime":50},"Training Loss":4.496115988614608,"epoch":0,"_timestamp":1.730659379348785e+09,"_runtime":39.0778483,"_step":1,"Validation Accuracy":3.17}