{"Training Loss":4.357631347617325,"epoch":3,"_timestamp":1.7306703559294949e+09,"_runtime":137.9913978,"Validation Accuracy":7.33,"_wandb":{"runtime":142},"_step":7}