{"_step":18,"_wandb":{"runtime":213},"_runtime":210.9390509,"Validation Accuracy":2.6,"epoch":18,"_timestamp":1.7306817984278326e+09,"Training Accuracy":2.724,"Validation Loss":4.4807978523254395,"Training Loss":4.457731744689942}