{"Validation Loss":1.24172543258667,"epoch":49,"Training Accuracy":88.108,"Training Loss":0.41531030059814456,"_timestamp":1.7306891337392836e+09,"_wandb":{"runtime":682},"_runtime":680.0087572,"_step":49,"Validation Accuracy":67.58}