{"_timestamp":1.7306848468769267e+09,"Training Accuracy":53.276,"Validation Accuracy":50.72,"_wandb":{"runtime":413},"epoch":49,"Validation Loss":1.8328241939544678,"_step":49,"Training Loss":1.7289537935638428,"_runtime":411.1824987}