{"_timestamp":1.7306774972865534e+09,"epoch":29,"Validation Loss":2.79242752494812,"Training Loss":3.61303811416626,"Training Accuracy":21.708,"Validation Accuracy":29.28,"_wandb":{"runtime":242},"_runtime":239.7557003,"_step":29}