{"Validation Accuracy":30.4,"_wandb":{"runtime":24},"Training Loss":3.0393749657942326,"epoch":1,"_timestamp":1.7306479374019651e+09,"_runtime":19.780759,"_step":3}