{"_wandb":{"runtime":159},"Validation Accuracy":21.46,"Training Accuracy":20.86,"Training Loss":3.2287448539733887,"_runtime":156.934023,"_step":12,"epoch":12,"Validation Loss":3.23342445640564,"_timestamp":1.7306853320290246e+09}