{"epoch":24,"_wandb":{"runtime":283},"_runtime":280.5005942,"_step":24,"Training Accuracy":2.964,"Validation Accuracy":2.47,"_timestamp":1.7306804701318965e+09,"Training Loss":4.440685688323975,"Validation Loss":4.464617303466797}