{"Validation Accuracy":68.61,"_step":39,"Validation Loss":1.163322476387024,"Training Loss":0.4858026237297058,"_wandb":{"runtime":559},"Training Accuracy":85.788,"_timestamp":1.7306884379324627e+09,"_runtime":557.4812836,"epoch":39}