{"epoch":49,"Training Accuracy":32.498,"_timestamp":1.7306764524705381e+09,"Validation Accuracy":46.44,"_runtime":503.020048,"Validation Loss":2.1014528764724734,"Training Loss":3.2325937145233152,"_wandb":{"runtime":506},"_step":49}