{"_wandb":{"runtime":152},"Training Loss":3.2359619511413573,"_runtime":150.6647485,"_step":11,"Training Accuracy":20.46,"_timestamp":1.7306850048864956e+09,"Validation Loss":3.424936823272705,"Validation Accuracy":18.81,"epoch":11}