{"_wandb":{"runtime":825},"epoch":99,"_step":99,"Training Loss":3.1527168241882326,"_timestamp":1.7307107781831148e+09,"Validation Loss":2.0621534252166747,"_runtime":823.2098949,"Training Accuracy":33.772,"Validation Accuracy":47.94}