{"Training Loss":1.4686067474746705,"Validation Loss":1.8685145902633666,"epoch":49,"_wandb":{"runtime":445},"_timestamp":1.7306822482409582e+09,"Validation Accuracy":50.71,"_runtime":443.668089,"_step":49,"Training Accuracy":58.98}