{"_step":1,"Validation Accuracy":14.08,"_wandb":{"runtime":39},"Training Loss":4.347513455517438,"epoch":0,"_timestamp":1.7306429494160259e+09,"_runtime":39.9674418}