{"_runtime":197.9472969,"Training Accuracy":57.44,"epoch":45,"_wandb":{"runtime":200},"Validation Accuracy":64.32,"Training Loss":2.4048201934051514,"Validation Loss":1.382615958595276,"_timestamp":1.7306786775722406e+09,"_step":45}