{"Training Accuracy":66.004,"_wandb":{"runtime":1337},"Validation Accuracy":73.99,"_step":97,"Training Loss":2.1471151710128784,"epoch":97,"Validation Loss":1.0358228816986084,"_runtime":1334.9239191,"_timestamp":1.73070714321772e+09}