{"_step":11,"_runtime":149.6237736,"epoch":11,"Validation Accuracy":22.01,"Training Accuracy":21.614,"_timestamp":1.7306851643234856e+09,"Validation Loss":3.1906964500427244,"Training Loss":3.1948759857940674,"_wandb":{"runtime":151}}