{"Training Loss":3.5584767345428467,"Training Accuracy":23.326,"epoch":38,"Validation Loss":2.7260928379058837,"_runtime":186.7344756,"_step":38,"_wandb":{"runtime":189},"_timestamp":1.7306789653178365e+09,"Validation Accuracy":30.83}