{"_runtime":73.6795116,"_step":1,"Training Loss":4.4890420753128675,"Validation Accuracy":2.96,"_wandb":{"runtime":100},"epoch":0,"_timestamp":1.730659712265216e+09}