{"Validation Accuracy":11.81,"Training Accuracy":11.662,"_timestamp":1.7306878721430733e+09,"_runtime":494.1464003,"Validation Loss":3.7669793453216553,"epoch":34,"_wandb":{"runtime":496},"_step":34,"Training Loss":3.8229314491271973}