{"Validation Loss":1.3765593959808349,"_timestamp":1.730709906248772e+09,"_step":92,"_runtime":1250.8864558,"Training Loss":2.6842387175750733,"epoch":92,"Training Accuracy":48.45,"Validation Accuracy":64.79,"_wandb":{"runtime":1253}}