{"Training Accuracy":41.574,"Validation Loss":2.2216557523727416,"_wandb":{"runtime":235},"_step":23,"Training Loss":2.217228242034912,"epoch":23,"Validation Accuracy":41.83,"_timestamp":1.7306844256591878e+09,"_runtime":232.9727276}