{"_runtime":163.6103234,"Validation Accuracy":7.72,"_wandb":{"runtime":165},"_step":11,"Training Loss":4.17321406578531,"epoch":5,"_timestamp":1.7306731713953114e+09}