{"_step":93,"Validation Accuracy":47.1,"_wandb":{"runtime":2331},"Training Loss":1.9243294310813048,"epoch":46,"_timestamp":1.7306571836576629e+09,"_runtime":2331.5417594}