{"_runtime":494.4274261,"_wandb":{"runtime":496},"Validation Accuracy":68.49,"_timestamp":1.730691780096319e+09,"Training Accuracy":86.31,"Validation Loss":1.2245569051742553,"_step":34,"Training Loss":0.4440131644439697,"epoch":34}