{"Validation Accuracy":14.41,"_wandb":{"runtime":37},"Training Loss":4.345517053896067,"epoch":0,"_timestamp":1.7306416577047365e+09,"_runtime":37.3887584,"_step":1}