{"_step":5,"Validation Accuracy":27.25,"_wandb":{"runtime":126},"Training Loss":2.804062451635088,"epoch":2,"_timestamp":1.7306366545197656e+09,"_runtime":122.0027385}