{"_runtime":38.5072778,"_step":1,"Validation Accuracy":14.34,"_wandb":{"runtime":38},"Training Loss":4.3660593616719146,"epoch":0,"_timestamp":1.7306382803895159e+09}