{"epoch":42,"_wandb":{"runtime":403},"_timestamp":1.7306769619038146e+09,"Validation Accuracy":46.02,"_runtime":401.1303413,"Validation Loss":2.1323876987457275,"_step":42,"Training Accuracy":33.776,"Training Loss":3.177255138168335}