{"_step":49,"Validation Loss":3.3780552730560305,"Training Accuracy":16.978,"_timestamp":1.7306873713815231e+09,"epoch":49,"_wandb":{"runtime":677},"Training Loss":3.4517989244079588,"Validation Accuracy":17.73,"_runtime":675.7900937}