{"epoch":2,"_timestamp":1.7306589470694952e+09,"_runtime":139.9034752,"_step":5,"Training Loss":4.068952708828206,"Validation Accuracy":8.38,"_wandb":{"runtime":150}}