{"_runtime":385.5021299,"_wandb":{"runtime":387},"_step":25,"epoch":25,"Training Accuracy":71.658,"_timestamp":1.730689526538951e+09,"Training Loss":0.9492547652435303,"Validation Loss":1.5811675123214721,"Validation Accuracy":59.73}