{"Training Loss":4.34206993604193,"epoch":0,"_timestamp":1.7306488746255102e+09,"_runtime":37.4267032,"Validation Accuracy":14.77,"_wandb":{"runtime":37},"_step":1}