{"_wandb":{"runtime":42},"Training Loss":4.493986158954854,"epoch":0,"_timestamp":1.7306677225730927e+09,"_runtime":38.4027609,"_step":1,"Validation Accuracy":3.19}