{"Training Loss":1.737435068321228,"_step":49,"_wandb":{"runtime":414},"Validation Loss":1.841027737045288,"_timestamp":1.7306841853399203e+09,"_runtime":412.2978444,"Training Accuracy":52.842,"Validation Accuracy":50.27,"epoch":49}