{"epoch":1,"_timestamp":1.7306595555749073e+09,"_runtime":119.4522115,"_step":3,"Validation Accuracy":4.68,"_wandb":{"runtime":173},"Training Loss":4.339722258704049}