{"_runtime":487.2954634,"_step":99,"Validation Accuracy":45.15,"_wandb":{"runtime":489},"Training Loss":3.21005003792899,"epoch":49,"_timestamp":1.7306750626357164e+09}