{"Validation Accuracy":49.08,"_wandb":{"runtime":470},"Training Loss":1.70889471319257,"epoch":44,"_timestamp":1.730671749224823e+09,"_runtime":468.0309723,"_step":89}