{"_timestamp":1.7306779648672323e+09,"_runtime":326.8450982,"epoch":49,"Training Loss":2.5597273401641845,"Training Accuracy":52.656,"_step":49,"_wandb":{"runtime":329},"Validation Loss":1.4614981637954712,"Validation Accuracy":64.05}