{"Validation Accuracy":1.13,"Validation Loss":4.6620723854064945,"_timestamp":1.7306794022066202e+09,"_runtime":85.3071972,"Training Loss":4.649956788330078,"epoch":0,"_step":0,"Training Accuracy":1.162,"_wandb":{"runtime":87}}