{"_runtime":452.8605482,"_step":91,"Validation Accuracy":40.06,"_wandb":{"runtime":456},"Training Loss":3.409307050461672,"epoch":45,"_timestamp":1.7306726200705042e+09}