{"_timestamp":1.730307515582482e+09,"_runtime":209.749822,"_step":9,"Validation Accuracy":32.85,"_wandb":{"runtime":209},"Training Loss":2.894672785486494,"epoch":4}