{"Training Accuracy":76.35,"Validation Loss":1.478307618713379,"_wandb":{"runtime":435},"_step":29,"Validation Accuracy":62.54,"_timestamp":1.7306906182480736e+09,"_runtime":433.5122934,"epoch":29,"Training Loss":0.768679194984436}