{"_runtime":116.8475699,"_step":11,"Training Loss":4.178910279760555,"Validation Accuracy":8.4,"_wandb":{"runtime":119},"epoch":5,"_timestamp":1.73067332888864e+09}