{"_timestamp":1.7306487734170358e+09,"_runtime":39.6917095,"_step":1,"Validation Accuracy":2.63,"_wandb":{"runtime":39},"Training Loss":4.628718587816978,"epoch":0}