{"_step":65,"Training Loss":3.4299880181040083,"epoch":32,"Validation Accuracy":37.05,"_wandb":{"runtime":304},"_timestamp":1.7306745086113577e+09,"_runtime":300.8154034}