{"Training Loss":4.049753473729504,"epoch":0,"_timestamp":1.7306490104244366e+09,"_runtime":12.0212506,"_step":1,"Validation Accuracy":22.58,"_wandb":{"runtime":12}}