{"Validation Accuracy":23.66,"_timestamp":1.7306855110792856e+09,"epoch":14,"Training Loss":3.1463741927337647,"_wandb":{"runtime":173},"Training Accuracy":22.506,"_step":14,"Validation Loss":3.0555165306091308,"_runtime":170.8851485}