{"_wandb":{"runtime":165},"Training Loss":3.466864098587036,"Training Accuracy":24.658,"epoch":26,"Validation Loss":2.6618529376983644,"Validation Accuracy":33.03,"_step":26,"_timestamp":1.7306791497309916e+09,"_runtime":162.894045}