{"Validation Accuracy":13.48,"_wandb":{"runtime":37},"Training Loss":4.351497192772067,"epoch":0,"_timestamp":1.7306420746707351e+09,"_runtime":37.4723152,"_step":1}