{"_timestamp":1.7306782516061518e+09,"Training Loss":2.5667885919189453,"Training Accuracy":52.192,"Validation Accuracy":63.24,"_runtime":195.504936,"epoch":44,"_wandb":{"runtime":197},"_step":44,"Validation Loss":1.4476384336471557}