{"epoch":28,"_timestamp":1.7306741634200695e+09,"_runtime":325.2046009,"_step":57,"Validation Accuracy":22.02,"_wandb":{"runtime":328},"Training Loss":3.9116867598222225}