{"Validation Accuracy":30.5,"_wandb":{"runtime":43},"Training Loss":3.6475394806083368,"epoch":0,"_timestamp":1.7306488243222952e+09,"_runtime":43.8938987,"_step":1}