{"_timestamp":1.7307249779564998e+09,"_wandb":{"runtime":55},"Training Accuracy":62.175,"_step":0,"Training Loss":1.1205546849250794,"_runtime":47.4708964,"epoch":0,"Validation Loss":0.45826697721481324,"Validation Accuracy":85.23}