{"Training Loss":2.524268316497803,"_runtime":346.9401718,"_step":22,"Validation Loss":3.1148292789459227,"epoch":22,"_timestamp":1.7306924911417058e+09,"_wandb":{"runtime":349},"Validation Accuracy":26.41,"Training Accuracy":33.818}