{"Training Loss":4.464934798126221,"_runtime":248.2244448,"_step":22,"Validation Loss":4.469409086608887,"Validation Accuracy":2.84,"epoch":22,"_timestamp":1.7306812826216652e+09,"Training Accuracy":2.802,"_wandb":{"runtime":250}}