{"epoch":4,"Validation Accuracy":14.52,"_wandb":{"runtime":284},"_timestamp":1.7306592907568133e+09,"_runtime":254.3303822,"_step":9,"Training Loss":3.714417130363231}