{"_wandb":{"runtime":252},"Validation Loss":1.748092639541626,"epoch":14,"_step":14,"Validation Accuracy":54.3,"_timestamp":1.7306912775747817e+09,"_runtime":250.3016627,"Training Accuracy":63.988,"Training Loss":1.2382974237060547}