{"_timestamp":1.7302400831709685e+09,"_runtime":239.5047477,"_step":9,"Validation Accuracy":40.34,"_wandb":{"runtime":239},"Training Loss":2.506834732906898,"epoch":4}