{"_runtime":38.6608034,"_step":1,"Training Loss":4.486873062289491,"Validation Accuracy":2.91,"_wandb":{"runtime":44},"epoch":0,"_timestamp":1.7306636733545156e+09}