{"_step":19,"Training Loss":4.163696855914836,"epoch":9,"_timestamp":1.7306736218100312e+09,"_runtime":133.3726384,"Validation Accuracy":8.06,"_wandb":{"runtime":135}}