{"_wandb":{"runtime":350},"_step":22,"Training Loss":2.701370993499756,"Validation Loss":4.131662478637695,"_timestamp":1.7306921350957475e+09,"Validation Accuracy":17.57,"Training Accuracy":29.868,"epoch":22,"_runtime":348.222009}