{"_runtime":262.6164496,"Training Loss":3.011264232559204,"Validation Loss":3.7586179542541505,"Training Accuracy":23.56,"Validation Accuracy":18.27,"_wandb":{"runtime":264},"_timestamp":1.7306927636444554e+09,"_step":15,"epoch":15}