{"_runtime":523.1981825,"Validation Accuracy":47.37,"_wandb":{"runtime":525},"_step":99,"Training Loss":1.9420992713801715,"epoch":49,"_timestamp":1.7306694780841856e+09}