{"_wandb":{"runtime":676},"Validation Loss":3.3301783836364747,"_timestamp":1.7306861959349103e+09,"_step":49,"Validation Accuracy":18.91,"Training Accuracy":17.766,"_runtime":674.4365547,"epoch":49,"Training Loss":3.4235746199035644}