{"Validation Accuracy":2.73,"_wandb":{"runtime":77},"Training Loss":4.4950173047124125,"epoch":0,"_timestamp":1.7306598001816087e+09,"_runtime":50.2672936,"_step":1}