{"_runtime":482.7241495,"Training Loss":3.8439742980194094,"epoch":33,"Validation Accuracy":12.27,"Training Accuracy":11.17,"_timestamp":1.7306866865094714e+09,"Validation Loss":3.7770015365600584,"_wandb":{"runtime":484},"_step":33}