{"_runtime":41.4840441,"_step":1,"Validation Accuracy":10.36,"_wandb":{"runtime":41},"Training Loss":3.971554439895007,"epoch":0,"_timestamp":1.7306489203539543e+09}