{"Training Loss":2.393289727824075,"Validation Accuracy":40.44,"_wandb":{"runtime":517},"epoch":10,"_timestamp":1.7303081973175387e+09,"_runtime":474.9442468,"_step":21}