{"_runtime":2446.639695,"Validation Accuracy":82.69,"_wandb":{"runtime":2449},"Training Loss":1.6734991357421876,"Training Accuracy":74.288,"_step":49,"_timestamp":1.7307184466557422e+09,"epoch":49,"Validation Loss":0.8433649799346924}