{"Training Loss":0.7499811206054687,"epoch":25,"_timestamp":1.7306910193892395e+09,"_runtime":385.7033716,"Training Accuracy":77.188,"_step":25,"Validation Loss":1.3853173652648927,"_wandb":{"runtime":387},"Validation Accuracy":64.47}