{"_runtime":345.562858,"Validation Accuracy":39.3,"_wandb":{"runtime":347},"_step":85,"Training Loss":3.481236069786305,"epoch":42,"_timestamp":1.7306721293057783e+09}