{"Validation Accuracy":82.97,"_timestamp":1.7307209949805248e+09,"Training Accuracy":74.756,"epoch":49,"_wandb":{"runtime":2489},"_runtime":2483.3674198,"_step":49,"Validation Loss":0.8339205410003662,"Training Loss":1.6691334870529175}