{"_step":46,"Training Loss":0.4138256419467926,"Validation Loss":1.2453185550689698,"_runtime":642.8665975,"epoch":46,"_wandb":{"runtime":645},"Validation Accuracy":67.97,"Training Accuracy":87.89,"_timestamp":1.7306901766445343e+09}