{"_timestamp":1.7306834628267498e+09,"epoch":47,"_wandb":{"runtime":399},"Training Accuracy":53.014,"_step":47,"Training Loss":1.7482572132873535,"Validation Accuracy":49.17,"_runtime":397.0261633,"Validation Loss":1.9148709259033203}