{"Training Accuracy":53.028,"_step":49,"epoch":49,"_wandb":{"runtime":2491},"Validation Accuracy":71.6,"Training Loss":2.438791008529663,"_timestamp":1.730715750207252e+09,"Validation Loss":1.1760640205383301,"_runtime":2486.2928743}