{"Validation Accuracy":36.58,"_wandb":{"runtime":358},"_runtime":356.158096,"_step":89,"Training Loss":3.494150296765931,"epoch":44,"_timestamp":1.7306707513539026e+09}