{"_wandb":{"runtime":1343},"Training Accuracy":65.284,"Validation Loss":1.064784225654602,"_step":99,"epoch":99,"Training Loss":2.1122366839408873,"Validation Accuracy":73.24,"_runtime":1341.2595253,"_timestamp":1.7307086274592519e+09}