{"_wandb":{"runtime":386},"epoch":45,"Training Loss":1.5572472414779663,"Training Accuracy":56.882,"Validation Accuracy":50.37,"Validation Loss":1.8690489765167235,"_step":45,"_timestamp":1.730683057655793e+09,"_runtime":384.7839064}