{"Training Accuracy":52.766,"_wandb":{"runtime":411},"_runtime":408.8573554,"Validation Loss":1.9158494388580323,"Training Loss":1.7471943021011354,"epoch":48,"Validation Accuracy":48.95,"_timestamp":1.7306826630229895e+09,"_step":48}