{"epoch":0,"_timestamp":1.730668713730593e+09,"_runtime":48.2192438,"_step":1,"Validation Accuracy":3.15,"_wandb":{"runtime":77},"Training Loss":4.485456741586024}