{"_wandb":{"runtime":271},"Validation Loss":4.3897600280761715,"epoch":22,"Training Accuracy":3.26,"Validation Accuracy":3.53,"_timestamp":1.7306797568572032e+09,"Training Loss":4.389788300628662,"_runtime":269.3659977,"_step":22}