{"Training Loss":2.06109979070361,"epoch":11,"Validation Accuracy":47.18,"_wandb":{"runtime":581},"_timestamp":1.7303057550084224e+09,"_runtime":567.1515983,"_step":23}