{"epoch":0,"_timestamp":1.7306489694623322e+09,"_runtime":12.2545331,"_step":1,"Validation Accuracy":4.46,"_wandb":{"runtime":12},"Training Loss":4.595381374261817}