{"epoch":0,"_timestamp":1.7306490267440252e+09,"_runtime":12.1061485,"_step":1,"Training Loss":3.387406768847485,"Validation Accuracy":11.35,"_wandb":{"runtime":12}}