{"_wandb":{"runtime":230},"_runtime":226.4453512,"_step":25,"Training Loss":3.4422018953732083,"epoch":12,"_timestamp":1.730672943877756e+09,"Validation Accuracy":35.29}