{"_step":15,"Validation Loss":3.306194755935669,"Training Loss":2.718511460952759,"Training Accuracy":29.268,"epoch":15,"_runtime":262.8587812,"Validation Accuracy":22.21,"_wandb":{"runtime":265},"_timestamp":1.7306930332021859e+09}