{"_step":21,"Validation Loss":1.7543811954498292,"Training Loss":2.8203113199615477,"Validation Accuracy":56.04,"_runtime":129.3231291,"epoch":21,"_timestamp":1.730678451035237e+09,"_wandb":{"runtime":131},"Training Accuracy":44.866}